<?xml version="1.0" encoding="UTF-8"?>
<project-private xmlns="http://www.netbeans.org/ns/project-private/1">
    <editor-bookmarks xmlns="http://www.netbeans.org/ns/editor-bookmarks/2" lastBookmarkId="0"/>
    <open-files xmlns="http://www.netbeans.org/ns/projectui-open-files/2">
        <group>
            <file>file:/C:/Users/utpl/Desktop/2do-Ciclo/ESTRUCTURAS%20DE%20DATOS/grafosAlgoritmo1/src/grafosalgoritmo1/GrafosAlgoritmo1.java</file>
            <file>file:/C:/Users/utpl/Desktop/2do-Ciclo/ESTRUCTURAS%20DE%20DATOS/grafosAlgoritmo1/src/grafosalgoritmo1/Grafo.java</file>
            <file>file:/C:/Users/utpl/Desktop/2do-Ciclo/ESTRUCTURAS%20DE%20DATOS/grafosAlgoritmo1/src/grafosalgoritmo1/Nodo.java</file>
            <file>file:/C:/Users/utpl/Desktop/2do-Ciclo/ESTRUCTURAS%20DE%20DATOS/grafosAlgoritmo1/src/grafosalgoritmo1/Arista.java</file>
        </group>
    </open-files>
</project-private>
